"nrg_bal","siec","unit","geo","time","values","hdd.ind","pop","demand","fechh","fechh.cap"
"FC_OTH_HH_E","TOTAL","KTOE","AT",2019-01-01,6695.287,0.95,8858775,0.69,6938.43163315789,0.000783226984900045
"FC_OTH_HH_E","TOTAL","KTOE","BE",2019-01-01,7899.465,0.94,11455519,0.74,8272.58866595745,0.000722148744719244
"FC_OTH_HH_E","TOTAL","KTOE","BG",2019-01-01,2159.861,0.87,7000039,0.53,2330.9120608046,0.000332985582052414
"FC_OTH_HH_E","TOTAL","KTOE","CY",2019-01-01,362.606,1.04,875899,0.35,357.724765384615,0.000408408692537171
"FC_OTH_HH_E","TOTAL","KTOE","CZ",2019-01-01,7006.728,0.91,10649800,0.68,7477.94970725275,0.00070216808834464
"FC_OTH_HH_E","TOTAL","KTOE","DE",2019-01-01,57734.681,0.92,83019213,0.66,61048.1496486956,0.000735349655129779
"FC_OTH_HH_E","TOTAL","KTOE","DK",2019-01-01,4369.619,0.93,5806081,0.63,4576.82351387097,0.000788281030504219
"FC_OTH_HH_E","TOTAL","KTOE","EE",2019-01-01,951.328,0.91,1324820,0.73,1020.01179076923,0.000769924813007979
"FC_OTH_HH_E","TOTAL","KTOE","EL",2019-01-01,4113.967,0.95,10724599,0.54,4230.89027263158,0.000394503353704095
"FC_OTH_HH_E","TOTAL","KTOE","ES",2019-01-01,14738.116,0.96,46937060,0.43,15002.1739116667,0.000319623212695185
"FC_OTH_HH_E","TOTAL","KTOE","EU27_2020",2019-01-01,245855.834,0.95,446446444,0.64,254137.293671579,0.000569244748361304
"FC_OTH_HH_E","TOTAL","KTOE","FI",2019-01-01,5631.035,1.01,5517919,0.67,5593.68060940594,0.00101373010539045
"FC_OTH_HH_E","TOTAL","KTOE","FR",2019-01-01,39846.519,0.96,67177636,0.65,40925.69555625,0.000609216072388287
"FC_OTH_HH_E","TOTAL","KTOE","HR",2019-01-01,2238.639,0.92,4076246,0.67,2369.06405478261,0.000581187704270696
"FC_OTH_HH_E","TOTAL","KTOE","HU",2019-01-01,5676.869,0.89,9772756,0.72,6182.04655595506,0.000632579648561271
"FC_OTH_HH_E","TOTAL","KTOE","IE",2019-01-01,2881.473,0.96,4904240,0.62,2955.9110525,0.000602725611409719
"FC_OTH_HH_E","TOTAL","KTOE","IT",2019-01-01,31138.335,0.98,59816673,0.66,31557.7493081633,0.000527574465871134
"FC_OTH_HH_E","TOTAL","KTOE","LT",2019-01-01,1447.177,0.88,2794184,0.71,1587.29004590909,0.000568069263122647
"FC_OTH_HH_E","TOTAL","KTOE","LU",2019-01-01,461.264,0.95,613894,0.84,481.656724210526,0.00078459265640408
"FC_OTH_HH_E","TOTAL","KTOE","LV",2019-01-01,1188.007,0.89,1919968,0.66,1284.91633505618,0.000669238411815291
"FC_OTH_HH_E","TOTAL","KTOE","MT",2019-01-01,101.155,1.08,493559,0.2,99.6564074074074,0.000201913869278865
"FC_OTH_HH_E","TOTAL","KTOE","NL",2019-01-01,9307.869,0.93,17282163,0.63,9749.24214290323,0.000564121640497386
"FC_OTH_HH_E","TOTAL","KTOE","PL",2019-01-01,18196.434,0.88,37972812,0.65,19809.2997409091,0.00052167060319128
"FC_OTH_HH_E","TOTAL","KTOE","PT",2019-01-01,2891.348,0.92,10276617,0.27,2959.2318226087,0.000287957780523366
"FC_OTH_HH_E","TOTAL","KTOE","RO",2019-01-01,7753.283,0.88,19414458,0.63,8419.36049409091,0.000433664462540799
"FC_OTH_HH_E","TOTAL","KTOE","SE",2019-01-01,7363.914,0.99,10230185,0.55,7404.82463333333,0.000723821185377716
"FC_OTH_HH_E","TOTAL","KTOE","SI",2019-01-01,1057.443,0.94,2080908,0.63,1099.96570787234,0.000528598913489852
"FC_OTH_HH_E","TOTAL","KTOE","SK",2019-01-01,2643.412,0.92,5450421,0.67,2797.41948173913,0.00051324833104436
"FC_OTH_HH_E","TOTAL","KTOE","AT",2018-01-01,6542.766,0.92,8822267,0.69,6935.33196,0.000786116761145406
"FC_OTH_HH_E","TOTAL","KTOE","BE",2018-01-01,8118.234,0.93,11398589,0.74,8570.41090451613,0.000751883492291557
"FC_OTH_HH_E","TOTAL","KTOE","BG",2018-01-01,2229.673,0.94,7050034,0.53,2305.10236319149,0.000326963297367288
"FC_OTH_HH_E","TOTAL","KTOE","CY",2018-01-01,337.179,0.68,864236,0.35,392.714364705882,0.000454406394440734
"FC_OTH_HH_E","TOTAL","KTOE","CZ",2018-01-01,7042.708,0.91,10610055,0.68,7516.3494610989,0.000708417577580786
"FC_OTH_HH_E","TOTAL","KTOE","DE",2018-01-01,55843.736,0.91,82792351,0.66,59488.9205257143,0.000718531601134437
"FC_OTH_HH_E","TOTAL","KTOE","DK",2018-01-01,4444.03,0.94,5781190,0.63,4622.73673829787,0.000799616815620637
"FC_OTH_HH_E","TOTAL","KTOE","EE",2018-01-01,941.03,0.96,1319133,0.73,969.652995833333,0.000735068409200083
"FC_OTH_HH_E","TOTAL","KTOE","EL",2018-01-01,3914.348,0.9,10741165,0.54,4149.20888,0.000386290395874191
"FC_OTH_HH_E","TOTAL","KTOE","ES",2018-01-01,15007.541,1.03,46658447,0.43,14819.5824767961,0.000317618425593893
"FC_OTH_HH_E","TOTAL","KTOE","EU27_2020",2018-01-01,246897.188,0.95,446208557,0.64,255213.724858947,0.000571960624365497
"FC_OTH_HH_E","TOTAL","KTOE","FI",2018-01-01,5691.11,0.98,5513130,0.67,5768.92721836735,0.00104639782090525
"FC_OTH_HH_E","TOTAL","KTOE","FR",2018-01-01,40013.171,0.92,67026224,0.65,42274.7850130435,0.000630720074773174
"FC_OTH_HH_E","TOTAL","KTOE","HR",2018-01-01,2298.942,0.94,4105493,0.67,2397.25845574468,0.000583914880805955
"FC_OTH_HH_E","TOTAL","KTOE","HU",2018-01-01,5818.115,0.92,9778371,0.72,6182.37959130435,0.000632250462914973
"FC_OTH_HH_E","TOTAL","KTOE","IE",2018-01-01,3021.176,0.98,4830392,0.62,3059.40312489796,0.000633365392477041
"FC_OTH_HH_E","TOTAL","KTOE","IT",2018-01-01,31905.559,0.93,60483973,0.66,33490.5448341935,0.000553709407187811
"FC_OTH_HH_E","TOTAL","KTOE","LT",2018-01-01,1511.606,0.96,2808901,0.71,1556.32434416667,0.000554068777848228
"FC_OTH_HH_E","TOTAL","KTOE","LU",2018-01-01,499.67,0.92,602005,0.84,536.167634782609,0.000890636514285776
"FC_OTH_HH_E","TOTAL","KTOE","LV",2018-01-01,1231.009,0.96,1934379,0.66,1264.8617475,0.000653885173226136
"FC_OTH_HH_E","TOTAL","KTOE","MT",2018-01-01,93.195,0.77,475701,0.2,98.7624935064935,0.000207614643455644
"FC_OTH_HH_E","TOTAL","KTOE","NL",2018-01-01,9646.453,0.93,17181084,0.63,10103.8815777419,0.000588081728588367
"FC_OTH_HH_E","TOTAL","KTOE","PL",2018-01-01,19460.721,0.93,37976687,0.65,20412.8315435484,0.000537509539564322
"FC_OTH_HH_E","TOTAL","KTOE","PT",2018-01-01,2877.758,1.09,10291027,0.27,2813.60247761468,0.000273403468634829
"FC_OTH_HH_E","TOTAL","KTOE","RO",2018-01-01,7775.08,0.94,19533481,0.63,8087.73747234043,0.000414044863398409
"FC_OTH_HH_E","TOTAL","KTOE","SE",2018-01-01,7490.34,0.99,10120242,0.55,7531.953,0.000744246333239857
"FC_OTH_HH_E","TOTAL","KTOE","SI",2018-01-01,1084.519,0.92,2066880,0.63,1143.93178,0.000553458246245549
"FC_OTH_HH_E","TOTAL","KTOE","SK",2018-01-01,2057.519,0.92,5443120,0.67,2177.39184608696,0.000400026427138655
"FC_OTH_HH_E","TOTAL","KTOE","AT",2017-01-01,6955.601,1.01,8772865,0.69,6908.08253772277,0.000787437460592722
"FC_OTH_HH_E","TOTAL","KTOE","BE",2017-01-01,8180.798,0.96,11351727,0.74,8433.03927166667,0.000742886018283092
"FC_OTH_HH_E","TOTAL","KTOE","BG",2017-01-01,2318.716,1.02,7101859,0.53,2294.61953960784,0.000323101252729439
"FC_OTH_HH_E","TOTAL","KTOE","CY",2017-01-01,345.146,1.03,854802,0.35,341.627521359223,0.000399656904592202
"FC_OTH_HH_E","TOTAL","KTOE","CZ",2017-01-01,7202.965,1,10578820,0.68,7202.965,0.000680885486282969
"FC_OTH_HH_E","TOTAL","KTOE","DE",2017-01-01,56542.893,0.98,82521653,0.66,57304.4911506122,0.000694417635461232
"FC_OTH_HH_E","TOTAL","KTOE","DK",2017-01-01,4496.294,0.96,5748769,0.63,4614.3217175,0.000802662573065642
"FC_OTH_HH_E","TOTAL","KTOE","EE",2017-01-01,940.914,1,1315635,0.73,940.914,0.000715178601967871
"FC_OTH_HH_E","TOTAL","KTOE","EL",2017-01-01,4413.305,1.06,10768193,0.54,4278.40775283019,0.000397319007267996
"FC_OTH_HH_E","TOTAL","KTOE","ES",2017-01-01,14619.429,0.91,46528024,0.43,15241.1563651648,0.000327569388400523
"FC_OTH_HH_E","TOTAL","KTOE","EU27_2020",2017-01-01,252016.895,0.99,445534430,0.64,253646.095129293,0.000569307505885219
"FC_OTH_HH_E","TOTAL","KTOE","FI",2017-01-01,5761.435,1.01,5503297,0.67,5723.21557970297,0.00103996124136185
"FC_OTH_HH_E","TOTAL","KTOE","FR",2017-01-01,41389.768,0.98,66809816,0.65,41938.8159428571,0.00062773434285251
"FC_OTH_HH_E","TOTAL","KTOE","HR",2017-01-01,2392.794,1.03,4154213,0.67,2346.09967048544,0.00056475189656511
"FC_OTH_HH_E","TOTAL","KTOE","HU",2017-01-01,6294.138,1.03,9797561,0.72,6162.14442640777,0.000628946778326541
"FC_OTH_HH_E","TOTAL","KTOE","IE",2017-01-01,2801.833,0.95,4784383,0.62,2893.26123473684,0.000604730272375109
"FC_OTH_HH_E","TOTAL","KTOE","IT",2017-01-01,32898.639,1.01,60589445,0.66,32683.6577946535,0.000539428241910014
"FC_OTH_HH_E","TOTAL","KTOE","LT",2017-01-01,1455.374,0.98,2847904,0.71,1476.4620722449,0.000518438146877457
"FC_OTH_HH_E","TOTAL","KTOE","LU",2017-01-01,534.066,1,590667,0.84,534.066,0.000904174433310139
"FC_OTH_HH_E","TOTAL","KTOE","LV",2017-01-01,1195.604,0.99,1950116,0.66,1203.57469333333,0.000617181077091482
"FC_OTH_HH_E","TOTAL","KTOE","MT",2017-01-01,91.096,1.17,460297,0.2,88.4487658119658,0.000192155859829557
"FC_OTH_HH_E","TOTAL","KTOE","NL",2017-01-01,9627.417,0.94,17081507,0.63,10014.5620665957,0.000586280945035807
"FC_OTH_HH_E","TOTAL","KTOE","PL",2017-01-01,20063.013,0.98,37972964,0.65,20329.1550091837,0.000535358656995637
"FC_OTH_HH_E","TOTAL","KTOE","PT",2017-01-01,2801.785,0.87,10309573,0.27,2914.82253275862,0.000282729704979888
"FC_OTH_HH_E","TOTAL","KTOE","RO",2017-01-01,7732.038,1,19643949,0.63,7732.038,0.000393609146511223
"FC_OTH_HH_E","TOTAL","KTOE","SE",2017-01-01,7696.829,1,9995153,0.55,7696.829,0.00077005614621407
"FC_OTH_HH_E","TOTAL","KTOE","SI",2017-01-01,1156.364,1.02,2065895,0.63,1142.07950352941,0.00055282553253162
"FC_OTH_HH_E","TOTAL","KTOE","SK",2017-01-01,2108.641,1.04,5435343,0.67,2054.30294346154,0.000377952770130889
"FC_OTH_HH_E","TOTAL","KTOE","AT",2016-01-01,6909.468,0.98,8700471,0.69,7006.76459020408,0.000805331641264488
"FC_OTH_HH_E","TOTAL","KTOE","BE",2016-01-01,8313.535,1.01,11311117,0.74,8252.62395148515,0.000729602916448053
"FC_OTH_HH_E","TOTAL","KTOE","BG",2016-01-01,2252.111,0.97,7153784,0.53,2289.02704628866,0.00031997430259128
"FC_OTH_HH_E","TOTAL","KTOE","CY",2016-01-01,335.594,0.94,848319,0.35,343.091312765957,0.000404436671542141
"FC_OTH_HH_E","TOTAL","KTOE","CZ",2016-01-01,7090.172,0.98,10553843,0.68,7188.56622367347,0.000681132571677774
"FC_OTH_HH_E","TOTAL","KTOE","DE",2016-01-01,56963.58,0.99,82175684,0.66,57343.3372,0.000697813932403654
"FC_OTH_HH_E","TOTAL","KTOE","DK",2016-01-01,4585.623,0.97,5707251,0.63,4674.97173680412,0.000819128462512709
"FC_OTH_HH_E","TOTAL","KTOE","EE",2016-01-01,930.578,1,1315944,0.73,930.578,0.000707156231572164
"FC_OTH_HH_E","TOTAL","KTOE","EL",2016-01-01,4348.678,0.94,10783748,0.54,4498.56860340426,0.000417161881324031
"FC_OTH_HH_E","TOTAL","KTOE","ES",2016-01-01,15208.978,0.98,46440099,0.43,15342.4445416327,0.000330370625214056
"FC_OTH_HH_E","TOTAL","KTOE","EU27_2020",2016-01-01,251999.871,0.98,444802830,0.64,255291.297886531,0.000573942611575854
"FC_OTH_HH_E","TOTAL","KTOE","FI",2016-01-01,5342.235,0.98,5487308,0.67,5415.28188673469,0.000986874053130368
"FC_OTH_HH_E","TOTAL","KTOE","FR",2016-01-01,42121.486,1.01,66638391,0.65,41850.407129703,0.000628022473257239
"FC_OTH_HH_E","TOTAL","KTOE","HR",2016-01-01,2408.902,0.99,4190669,0.67,2425.20467010101,0.000578715396062302
"FC_OTH_HH_E","TOTAL","KTOE","HU",2016-01-01,6172.733,1.02,9830485,0.72,6085.58853411765,0.000619052725691321
"FC_OTH_HH_E","TOTAL","KTOE","IE",2016-01-01,2813.46,0.98,4726286,0.62,2849.05888163265,0.000602811357931503
"FC_OTH_HH_E","TOTAL","KTOE","IT",2016-01-01,32185.101,0.94,60665551,0.66,33540.9839782979,0.000552883529868506
"FC_OTH_HH_E","TOTAL","KTOE","LT",2016-01-01,1433.211,0.99,2888558,0.71,1443.48958393939,0.000499726709292108
"FC_OTH_HH_E","TOTAL","KTOE","LU",2016-01-01,527.363,1.03,576249,0.84,514.460526601942,0.000892774697399808
"FC_OTH_HH_E","TOTAL","KTOE","LV",2016-01-01,1143.483,0.99,1968957,0.66,1151.10622,0.000584627404255146
"FC_OTH_HH_E","TOTAL","KTOE","MT",2016-01-01,77.575,0.68,450415,0.2,84.8761764705882,0.00018843994198814
"FC_OTH_HH_E","TOTAL","KTOE","NL",2016-01-01,9839.336,0.99,16979120,0.63,9901.94995636364,0.000583183931579707
"FC_OTH_HH_E","TOTAL","KTOE","PL",2016-01-01,19886.419,0.97,37967209,0.65,20286.1975262887,0.000534308369263821
"FC_OTH_HH_E","TOTAL","KTOE","PT",2016-01-01,2819.484,1.02,10341330,0.27,2804.55732,0.000271198899948072
"FC_OTH_HH_E","TOTAL","KTOE","RO",2016-01-01,7414.92,0.99,19760585,0.63,7462.10585454545,0.000377625756248889
"FC_OTH_HH_E","TOTAL","KTOE","SE",2016-01-01,7659.147,0.99,9851017,0.55,7701.69781666667,0.00078181753383094
"FC_OTH_HH_E","TOTAL","KTOE","SI",2016-01-01,1186.482,0.99,2064188,0.63,1194.03234,0.000578451352299306
"FC_OTH_HH_E","TOTAL","KTOE","SK",2016-01-01,2030.217,1,5426252,0.67,2030.217,0.000374147201420059
"FC_OTH_HH_E","TOTAL","KTOE","AT",2015-01-01,6631.937,0.94,8584926,0.69,6924.02443808511,0.000806532803903622
"FC_OTH_HH_E","TOTAL","KTOE","BE",2015-01-01,8270.398,0.98,11237274,0.74,8395.29788816326,0.000747093813692117
"FC_OTH_HH_E","TOTAL","KTOE","BG",2015-01-01,2192.912,0.94,7202198,0.53,2267.09774638298,0.000314778592088551
"FC_OTH_HH_E","TOTAL","KTOE","CY",2015-01-01,326.614,1.04,847008,0.35,322.217273076923,0.000380418216919938
"FC_OTH_HH_E","TOTAL","KTOE","CZ",2015-01-01,6769.51,0.92,10538275,0.68,7169.79406956522,0.000680357465483224
"FC_OTH_HH_E","TOTAL","KTOE","DE",2015-01-01,54959.824,0.95,81197537,0.66,56868.9547284211,0.000700377829544522
"FC_OTH_HH_E","TOTAL","KTOE","DK",2015-01-01,4442.024,0.96,5659715,0.63,4558.62713,0.000805451710907705
"FC_OTH_HH_E","TOTAL","KTOE","EE",2015-01-01,857.435,0.89,1314870,0.73,934.796832022472,0.00071094239888542
"FC_OTH_HH_E","TOTAL","KTOE","EL",2015-01-01,4460.625,1,10858018,0.54,4460.625,0.000410813925709094
"FC_OTH_HH_E","TOTAL","KTOE","ES",2015-01-01,15000.785,0.9,46449565,0.43,15717.4891722222,0.000338377532108691
"FC_OTH_HH_E","TOTAL","KTOE","EU27_2020",2015-01-01,245033.471,0.93,443666812,0.64,256837.233904086,0.00057889665613322
"FC_OTH_HH_E","TOTAL","KTOE","FI",2015-01-01,4950.975,0.92,5471753,0.67,5239.42310869565,0.000957540135436606
"FC_OTH_HH_E","TOTAL","KTOE","FR",2015-01-01,40164.69,0.94,66458153,0.65,41831.0973510638,0.000629435147724672
"FC_OTH_HH_E","TOTAL","KTOE","HR",2015-01-01,2429.885,0.97,4225316,0.67,2480.23622525773,0.000586994256821912
"FC_OTH_HH_E","TOTAL","KTOE","HU",2015-01-01,5969.813,0.96,9855571,0.72,6148.90739,0.000623901688699721
"FC_OTH_HH_E","TOTAL","KTOE","IE",2015-01-01,2784.618,1.05,4677627,0.62,2702.40546857143,0.000577730004673615
"FC_OTH_HH_E","TOTAL","KTOE","IT",2015-01-01,32494.483,0.94,60795612,0.66,33863.3995178723,0.000557004007425278
"FC_OTH_HH_E","TOTAL","KTOE","LT",2015-01-01,1359.131,0.9,2921262,0.71,1466.35133444444,0.000501958172339367
"FC_OTH_HH_E","TOTAL","KTOE","LU",2015-01-01,510.934,0.99,562958,0.84,515.269197575758,0.000915288880477332
"FC_OTH_HH_E","TOTAL","KTOE","LV",2015-01-01,1105.582,0.9,1986096,0.66,1186.65801333333,0.00059748270644185
"FC_OTH_HH_E","TOTAL","KTOE","MT",2015-01-01,79.865,1.11,439691,0.2,78.2820900900901,0.000178038872958714
"FC_OTH_HH_E","TOTAL","KTOE","NL",2015-01-01,9547.146,0.97,16900726,0.63,9733.16771072165,0.000575902343527825
"FC_OTH_HH_E","TOTAL","KTOE","PL",2015-01-01,19032.33,0.91,38005614,0.65,20255.8369285714,0.000532969600979777
"FC_OTH_HH_E","TOTAL","KTOE","PT",2015-01-01,2751.749,0.87,10374822,0.27,2862.76783896552,0.000275934164361135
"FC_OTH_HH_E","TOTAL","KTOE","RO",2015-01-01,7375.183,0.93,19870647,0.63,7724.90941967742,0.000388759833521144
"FC_OTH_HH_E","TOTAL","KTOE","SE",2015-01-01,7411.176,0.94,9747355,0.55,7671.35558297872,0.000787019205002662
"FC_OTH_HH_E","TOTAL","KTOE","SI",2015-01-01,1166.185,0.95,2062874,0.63,1204.85323947368,0.000584065357105516
"FC_OTH_HH_E","TOTAL","KTOE","SK",2015-01-01,1987.662,0.95,5421349,0.67,2057.75323894737,0.000379564798161374
"FC_OTH_HH_E","TOTAL","KTOE","AT",2014-01-01,6239.87,0.87,8507786,0.69,6883.2221137931,0.000809049747348265
"FC_OTH_HH_E","TOTAL","KTOE","BE",2014-01-01,7489.331,0.85,11180840,0.74,8467.34951882353,0.00075730888903012
"FC_OTH_HH_E","TOTAL","KTOE","BG",2014-01-01,2164.991,0.93,7245677,0.53,2251.35784526882,0.000310717389868306
"FC_OTH_HH_E","TOTAL","KTOE","CY",2014-01-01,293.742,0.69,858000,0.35,339.931865217391,0.000396190985101855
"FC_OTH_HH_E","TOTAL","KTOE","CZ",2014-01-01,6554.173,0.85,10512419,0.68,7340.67376,0.000698285880728308
"FC_OTH_HH_E","TOTAL","KTOE","DE",2014-01-01,53648.149,0.85,80767463,0.66,59896.5804717647,0.000741592941600316
"FC_OTH_HH_E","TOTAL","KTOE","DK",2014-01-01,4146.3,0.86,5627235,0.63,4571.53681395349,0.000812394864254556
"FC_OTH_HH_E","TOTAL","KTOE","EE",2014-01-01,888.143,0.97,1315819,0.73,908.194888350515,0.000690212626775047
"FC_OTH_HH_E","TOTAL","KTOE","EL",2014-01-01,3844.875,0.88,10926807,0.54,4127.99761363636,0.000377786265798999
"FC_OTH_HH_E","TOTAL","KTOE","ES",2014-01-01,14814.31,0.85,46512199,0.43,15938.4547,0.000342672568544867
"FC_OTH_HH_E","TOTAL","KTOE","EU27_2020",2014-01-01,234893.426,0.89,442883888,0.64,253473.759921798,0.000572325539017571
"FC_OTH_HH_E","TOTAL","KTOE","FI",2014-01-01,5126.199,0.95,5451270,0.67,5306.96496473684,0.000973528180540836
"FC_OTH_HH_E","TOTAL","KTOE","FR",2014-01-01,38019.306,0.86,66165980,0.65,42042.2790767442,0.000635406277920227
"FC_OTH_HH_E","TOTAL","KTOE","HR",2014-01-01,2228.381,0.79,4246809,0.67,2625.25847683544,0.000618172014996541
"FC_OTH_HH_E","TOTAL","KTOE","HU",2014-01-01,5487.452,0.82,9877365,0.72,6354.73709658537,0.000643363599156796
"FC_OTH_HH_E","TOTAL","KTOE","IE",2014-01-01,2639.381,0.95,4637852,0.62,2725.50816947368,0.000587666050894613
"FC_OTH_HH_E","TOTAL","KTOE","IT",2014-01-01,29545.98,0.83,60782668,0.66,33540.0269349398,0.000551802479860538
"FC_OTH_HH_E","TOTAL","KTOE","LT",2014-01-01,1400.9,0.95,2943472,0.71,1453.24942105263,0.000493719464989859
"FC_OTH_HH_E","TOTAL","KTOE","LU",2014-01-01,469.379,0.86,549680,0.84,533.563849302326,0.00097068084940752
"FC_OTH_HH_E","TOTAL","KTOE","LV",2014-01-01,1238.471,0.96,2001468,0.66,1272.5289525,0.000635797800664312
"FC_OTH_HH_E","TOTAL","KTOE","MT",2014-01-01,73.904,0.74,429424,0.2,79.097254054054,0.000184193836520674
"FC_OTH_HH_E","TOTAL","KTOE","NL",2014-01-01,9116.954,0.83,16829289,0.63,10293.3705944578,0.000611634311732233
"FC_OTH_HH_E","TOTAL","KTOE","PL",2014-01-01,19034.91,0.89,38017856,0.65,20564.1190617978,0.000540906858656042
"FC_OTH_HH_E","TOTAL","KTOE","PT",2014-01-01,2776.692,0.9,10427301,0.27,2859.99276,0.00027427929432554
"FC_OTH_HH_E","TOTAL","KTOE","RO",2014-01-01,7409.681,0.9,19947311,0.63,7928.35867,0.000397465035262146
"FC_OTH_HH_E","TOTAL","KTOE","SE",2014-01-01,7229.333,0.93,9644864,0.55,7528.61183924731,0.000780582477808636
"FC_OTH_HH_E","TOTAL","KTOE","SI",2014-01-01,1060.707,0.8,2061085,0.63,1227.7683525,0.000595690305106291
"FC_OTH_HH_E","TOTAL","KTOE","SK",2014-01-01,1951.912,0.82,5415949,0.67,2238.98588682927,0.000413406013762181
"FC_OTH_HH_E","TOTAL","KTOE","AT",2013-01-01,6923.356,1.01,8451860,0.69,6876.05782534653,0.000813555575381813
"FC_OTH_HH_E","TOTAL","KTOE","BE",2013-01-01,9098.495,1.12,11137974,0.74,8377.114325,0.000752121914182956
"FC_OTH_HH_E","TOTAL","KTOE","BG",2013-01-01,2241.036,0.92,7284552,0.53,2344.31852869565,0.000321820549663954
"FC_OTH_HH_E","TOTAL","KTOE","CY",2013-01-01,306.622,0.93,865878,0.35,314.699676344086,0.000363445746795837
"FC_OTH_HH_E","TOTAL","KTOE","CZ",2013-01-01,7269.133,1.03,10516125,0.68,7125.16182213592,0.000677546322636515
"FC_OTH_HH_E","TOTAL","KTOE","DE",2013-01-01,62517.628,1.06,80523746,0.66,60182.0637841509,0.000747382812818357
"FC_OTH_HH_E","TOTAL","KTOE","DK",2013-01-01,4484.149,1.04,5602628,0.63,4375.49462038462,0.000780971826147411
"FC_OTH_HH_E","TOTAL","KTOE","EE",2013-01-01,933.506,0.96,1320174,0.73,961.900140833333,0.000728616183043548
"FC_OTH_HH_E","TOTAL","KTOE","EL",2013-01-01,3821.337,0.89,11003615,0.54,4076.37904247191,0.000370458166927134
"FC_OTH_HH_E","TOTAL","KTOE","ES",2013-01-01,14918.435,1.06,46727890,0.43,14555.3259216981,0.000311491186991283
"FC_OTH_HH_E","TOTAL","KTOE","EU27_2020",2013-01-01,266311.872,1,441257711,0.64,266311.872,0.000603529106372942
"FC_OTH_HH_E","TOTAL","KTOE","FI",2013-01-01,5172.734,0.94,5426674,0.67,5393.95092212766,0.00099396995694373
"FC_OTH_HH_E","TOTAL","KTOE","FR",2013-01-01,46112.909,1.1,65600350,0.65,43388.0552863636,0.000661399752994666
"FC_OTH_HH_E","TOTAL","KTOE","HR",2013-01-01,2493.049,0.95,4262140,0.67,2580.96178052632,0.000605555373715156
"FC_OTH_HH_E","TOTAL","KTOE","HU",2013-01-01,6209.747,0.96,9908798,0.72,6396.03941,0.000645490947539752
"FC_OTH_HH_E","TOTAL","KTOE","IE",2013-01-01,2928.122,1.03,4609779,0.62,2875.24523378641,0.000623727348705092
"FC_OTH_HH_E","TOTAL","KTOE","IT",2013-01-01,34230.62,0.98,59685227,0.66,34691.6854938776,0.000581244090667152
"FC_OTH_HH_E","TOTAL","KTOE","LT",2013-01-01,1467.198,0.98,2971905,0.71,1488.45739959184,0.000500842859913704
"FC_OTH_HH_E","TOTAL","KTOE","LU",2013-01-01,499.205,1.1,537039,0.84,461.083890909091,0.000858566865551833
"FC_OTH_HH_E","TOTAL","KTOE","LV",2013-01-01,1267.242,0.98,2023825,0.66,1284.31097387755,0.000634595863712303
"FC_OTH_HH_E","TOTAL","KTOE","MT",2013-01-01,73.999,0.87,422509,0.2,76.2104643678161,0.000180375954992239
"FC_OTH_HH_E","TOTAL","KTOE","NL",2013-01-01,11412.549,1.11,16779575,0.63,10700.0358056757,0.000637682170476647
"FC_OTH_HH_E","TOTAL","KTOE","PL",2013-01-01,20492.342,1.01,38062535,0.65,20360.4605910891,0.000534921297046797
"FC_OTH_HH_E","TOTAL","KTOE","PT",2013-01-01,2634.808,1.07,10487289,0.27,2588.26793345794,0.000246800477555062
"FC_OTH_HH_E","TOTAL","KTOE","RO",2013-01-01,7721.97,0.93,20020074,0.63,8088.14083548387,0.000404001545423052
"FC_OTH_HH_E","TOTAL","KTOE","SE",2013-01-01,7694.262,0.98,9555893,0.55,7780.62616530612,0.000814222822012147
"FC_OTH_HH_E","TOTAL","KTOE","SI",2013-01-01,1240.442,0.98,2058821,0.63,1256.39054,0.000610247583447031
"FC_OTH_HH_E","TOTAL","KTOE","SK",2013-01-01,2146.977,0.98,5410836,0.67,2176.33362428571,0.000402217628530178
"FC_OTH_HH_E","TOTAL","KTOE","AT",2012-01-01,6677.912,0.99,8408121,0.69,6724.4550230303,0.000799757166081495
"FC_OTH_HH_E","TOTAL","KTOE","BE",2012-01-01,8477.623,1.04,11075889,0.74,8236.33680692308,0.00074362760469368
"FC_OTH_HH_E","TOTAL","KTOE","BG",2012-01-01,2352.559,1.01,7327224,0.53,2340.21388841584,0.000319386153393951
"FC_OTH_HH_E","TOTAL","KTOE","CY",2012-01-01,351.763,1.09,862011,0.35,341.597372018349,0.000396279597381412
"FC_OTH_HH_E","TOTAL","KTOE","CZ",2012-01-01,7115.57,1,10505445,0.68,7115.57,0.000677322093447731
"FC_OTH_HH_E","TOTAL","KTOE","DE",2012-01-01,59188.124,1.01,80327900,0.66,58801.350120396,0.000732016523778115
"FC_OTH_HH_E","TOTAL","KTOE","DK",2012-01-01,4444.48,1.05,5580516,0.63,4311.1456,0.000772535299603119
"FC_OTH_HH_E","TOTAL","KTOE","EE",2012-01-01,970.828,1.07,1325217,0.73,924.464158130841,0.000697594551028881
"FC_OTH_HH_E","TOTAL","KTOE","EL",2012-01-01,5096.015,1.03,11086406,0.54,5015.86408446602,0.000452433735916402
"FC_OTH_HH_E","TOTAL","KTOE","ES",2012-01-01,15559.425,1.04,46818219,0.43,15302.0960480769,0.000326840626895203
"FC_OTH_HH_E","TOTAL","KTOE","EU27_2020",2012-01-01,263188.033,1.03,440552661,0.64,258282.00364699,0.00058626817293697
"FC_OTH_HH_E","TOTAL","KTOE","FI",2012-01-01,5455.636,1.05,5401267,0.67,5281.57523238095,0.00097784005722749
"FC_OTH_HH_E","TOTAL","KTOE","FR",2012-01-01,43930.024,1.02,65276983,0.65,43370.1315372549,0.000664401593701947
"FC_OTH_HH_E","TOTAL","KTOE","HR",2012-01-01,2561.737,0.99,4275984,0.67,2579.0740079798,0.000603153334525994
"FC_OTH_HH_E","TOTAL","KTOE","HU",2012-01-01,6375.847,0.99,9931925,0.72,6422.21679636364,0.000646623569586323
"FC_OTH_HH_E","TOTAL","KTOE","IE",2012-01-01,2993.109,1.05,4589287,0.62,2904.74102,0.000632939500188156
"FC_OTH_HH_E","TOTAL","KTOE","IT",2012-01-01,34348.336,1,59394207,0.66,34348.336,0.000578311214762073
"FC_OTH_HH_E","TOTAL","KTOE","LT",2012-01-01,1534.798,1.04,3003641,0.71,1492.88620846154,0.000497025512856409
"FC_OTH_HH_E","TOTAL","KTOE","LU",2012-01-01,491.101,1.01,524853,0.84,487.016595643564,0.000927910473301218
"FC_OTH_HH_E","TOTAL","KTOE","LV",2012-01-01,1376.24,1.05,2044813,0.66,1332.98674285714,0.000651886868313701
"FC_OTH_HH_E","TOTAL","KTOE","MT",2012-01-01,72.178,1.31,417546,0.2,68.7619419847328,0.000164681117732496
"FC_OTH_HH_E","TOTAL","KTOE","NL",2012-01-01,10866.787,1.04,16730348,0.63,10603.4763919231,0.000633786959597199
"FC_OTH_HH_E","TOTAL","KTOE","PL",2012-01-01,20812.831,1.03,38063792,0.65,20418.8016752427,0.000536436350725191
"FC_OTH_HH_E","TOTAL","KTOE","PT",2012-01-01,2694.958,1.1,10542398,0.27,2628.80903090909,0.000249355889514804
"FC_OTH_HH_E","TOTAL","KTOE","RO",2012-01-01,8060.582,1.01,20095996,0.63,8010.30312217822,0.000398601946486167
"FC_OTH_HH_E","TOTAL","KTOE","SE",2012-01-01,8053.653,1.05,9482855,0.55,7842.72399285714,0.000827042488033102
"FC_OTH_HH_E","TOTAL","KTOE","SI",2012-01-01,1255.831,0.97,2055496,0.63,1280.30028443299,0.000622866833325382
"FC_OTH_HH_E","TOTAL","KTOE","SK",2012-01-01,2070.086,0.99,5404322,0.67,2084.09567292929,0.000385634992313429
"FC_OTH_HH_E","TOTAL","KTOE","AT",2011-01-01,6551.691,0.94,8375164,0.69,6840.2441993617,0.000816729582771358
"FC_OTH_HH_E","TOTAL","KTOE","BE",2011-01-01,8000.83,0.89,11000638,0.74,8732.59130561798,0.000793825894972453
"FC_OTH_HH_E","TOTAL","KTOE","BG",2011-01-01,2374.281,1.09,7369431,0.53,2270.37897825688,0.000308080634482755
"FC_OTH_HH_E","TOTAL","KTOE","CY",2011-01-01,356.538,1.08,839751,0.35,347.294422222222,0.000413568334211239
"FC_OTH_HH_E","TOTAL","KTOE","CZ",2011-01-01,6863.723,0.94,10486731,0.68,7161.63778553192,0.000682923761993315
"FC_OTH_HH_E","TOTAL","KTOE","DE",2011-01-01,56020.249,0.92,80222065,0.66,59235.32416,0.000738391914493849
"FC_OTH_HH_E","TOTAL","KTOE","DK",2011-01-01,4496.285,0.96,5560628,0.63,4614.31248125,0.000829818589060444
"FC_OTH_HH_E","TOTAL","KTOE","EE",2011-01-01,935.253,0.95,1329660,0.73,971.186404736842,0.000730402061231324
"FC_OTH_HH_E","TOTAL","KTOE","EL",2011-01-01,5526.044,1.13,11123392,0.54,5182.74462938053,0.000465932031288705
"FC_OTH_HH_E","TOTAL","KTOE","ES",2011-01-01,15662.135,0.86,46667174,0.43,16758.48445,0.000359106477071014
"FC_OTH_HH_E","TOTAL","KTOE","EU27_2020",2011-01-01,252034.758,0.94,439942305,0.64,262330.645986383,0.000596284201371321
"FC_OTH_HH_E","TOTAL","KTOE","FI",2011-01-01,5091.152,0.94,5375276,0.67,5308.87998978723,0.000987647888180483
"FC_OTH_HH_E","TOTAL","KTOE","FR",2011-01-01,39858.113,0.85,64978721,0.65,44430.0730205882,0.000683763428039592
"FC_OTH_HH_E","TOTAL","KTOE","HR",2011-01-01,2643.689,0.99,4289857,0.67,2661.58063262626,0.000620435747071817
"FC_OTH_HH_E","TOTAL","KTOE","HU",2011-01-01,6569.577,1,9985722,0.72,6569.577,0.000657897045401424
"FC_OTH_HH_E","TOTAL","KTOE","IE",2011-01-01,3146.812,1.01,4570881,0.62,3127.49493623762,0.000684221474205437
"FC_OTH_HH_E","TOTAL","KTOE","IT",2011-01-01,32378.063,0.95,59364690,0.66,33502.7746621053,0.000564355253301336
"FC_OTH_HH_E","TOTAL","KTOE","LT",2011-01-01,1532.207,0.95,3052588,0.71,1589.46315631579,0.000520693639729891
"FC_OTH_HH_E","TOTAL","KTOE","LU",2011-01-01,478.246,0.9,511840,0.84,522.882293333333,0.00102157372095446
"FC_OTH_HH_E","TOTAL","KTOE","LV",2011-01-01,1327.389,0.95,2074605,0.66,1373.49830210526,0.000662052921932254
"FC_OTH_HH_E","TOTAL","KTOE","MT",2011-01-01,68.76,1.11,414989,0.2,67.3971891891892,0.000162407170284488
"FC_OTH_HH_E","TOTAL","KTOE","NL",2011-01-01,10280.98,0.92,16655799,0.63,10844.1989043478,0.00065107647518728
"FC_OTH_HH_E","TOTAL","KTOE","PL",2011-01-01,20130.337,0.95,38062718,0.65,20819.0064236842,0.000546965837376201
"FC_OTH_HH_E","TOTAL","KTOE","PT",2011-01-01,2777.129,0.88,10572721,0.27,2879.37784045455,0.000272340284062593
"FC_OTH_HH_E","TOTAL","KTOE","RO",2011-01-01,7859.678,1.04,20199059,0.63,7669.23195615385,0.000379682635520489
"FC_OTH_HH_E","TOTAL","KTOE","SE",2011-01-01,7681.81,0.93,9415570,0.55,7999.8204139785,0.000849637399963942
"FC_OTH_HH_E","TOTAL","KTOE","SI",2011-01-01,1302.665,0.97,2050189,0.63,1328.04682319588,0.000647767997582602
"FC_OTH_HH_E","TOTAL","KTOE","SK",2011-01-01,2121.122,0.97,5392446,0.67,2165.07514659794,0.000401501497946931
"FC_OTH_HH_E","TOTAL","KTOE","AT",2010-01-01,7070.224,1.09,8351643,0.69,6667.4158253211,0.0007983358274918
"FC_OTH_HH_E","TOTAL","KTOE","BE",2010-01-01,9614.66,1.21,10839905,0.74,8379.8516,0.000773055815526059
"FC_OTH_HH_E","TOTAL","KTOE","BG",2010-01-01,2243.338,0.98,7421766,0.53,2267.60267632653,0.000305534110928117
"FC_OTH_HH_E","TOTAL","KTOE","CY",2010-01-01,336.524,0.65,819140,0.35,399.945830769231,0.000488250886013662
"FC_OTH_HH_E","TOTAL","KTOE","CZ",2010-01-01,7440.711,1.14,10462088,0.68,6819.34636210526,0.000651815045152102
"FC_OTH_HH_E","TOTAL","KTOE","DE",2010-01-01,63839.122,1.19,81802257,0.66,57111.8733455462,0.000698169897018199
"FC_OTH_HH_E","TOTAL","KTOE","DK",2010-01-01,5005.148,1.24,5534738,0.63,4394.84285677419,0.000794047135885058
"FC_OTH_HH_E","TOTAL","KTOE","EE",2010-01-01,1026.849,1.16,1333290,0.73,923.455928275862,0.000692614456176722
"FC_OTH_HH_E","TOTAL","KTOE","EL",2010-01-01,4666.492,0.86,11119289,0.54,5076.70920372093,0.000456567789875857
"FC_OTH_HH_E","TOTAL","KTOE","ES",2010-01-01,16964.161,1.08,46486619,0.43,16423.821057037,0.000353302120273299
"FC_OTH_HH_E","TOTAL","KTOE","EU27_2020",2010-01-01,278890.936,1.12,440660421,0.64,259766.986102857,0.000589494707769221
"FC_OTH_HH_E","TOTAL","KTOE","FI",2010-01-01,5811.234,1.12,5351427,0.67,5394.07041642857,0.00100796860658448
"FC_OTH_HH_E","TOTAL","KTOE","FR",2010-01-01,45407.793,1.16,64658856,0.65,41336.7494896552,0.000639305302426866
"FC_OTH_HH_E","TOTAL","KTOE","HR",2010-01-01,2770.684,1.07,4302847,0.67,2649.24000037383,0.000615694678517231
"FC_OTH_HH_E","TOTAL","KTOE","HU",2010-01-01,6648.743,1.07,10014324,0.72,6335.56856336449,0.0006326506475489
"FC_OTH_HH_E","TOTAL","KTOE","IE",2010-01-01,3573.496,1.17,4549428,0.62,3251.57593299145,0.000714721923941087
"FC_OTH_HH_E","TOTAL","KTOE","IT",2010-01-01,35392.911,1.07,59190143,0.66,33864.731104486,0.000572134639115266
"FC_OTH_HH_E","TOTAL","KTOE","LT",2010-01-01,1593.216,1.14,3141976,0.71,1454.29874526316,0.000462861188393278
"FC_OTH_HH_E","TOTAL","KTOE","LU",2010-01-01,512.977,1.17,502066,0.84,450.367499487179,0.00089702847730613
"FC_OTH_HH_E","TOTAL","KTOE","LV",2010-01-01,1388.905,1.15,2120504,0.66,1269.33839565217,0.000598602217044709
"FC_OTH_HH_E","TOTAL","KTOE","MT",2010-01-01,69.245,0.8,414027,0.2,72.70725,0.000175609923990464
"FC_OTH_HH_E","TOTAL","KTOE","NL",2010-01-01,12480.144,1.25,16574989,0.63,10907.645856,0.000658078618091391
"FC_OTH_HH_E","TOTAL","KTOE","PL",2010-01-01,22003.223,1.15,38022869,0.65,20137.7323543478,0.00052962159047882
"FC_OTH_HH_E","TOTAL","KTOE","PT",2010-01-01,2970.645,1.05,10573479,0.27,2932.45099285714,0.000277340220078665
"FC_OTH_HH_E","TOTAL","KTOE","RO",2010-01-01,8102.009,1.01,20294683,0.63,8051.47171613861,0.000396728133971771
"FC_OTH_HH_E","TOTAL","KTOE","SE",2010-01-01,8282.685,1.16,9340682,0.55,7654.34337931034,0.000819463009158255
"FC_OTH_HH_E","TOTAL","KTOE","SI",2010-01-01,1364.215,1.09,2046976,0.63,1293.25078853211,0.000631786004590239
"FC_OTH_HH_E","TOTAL","KTOE","SK",2010-01-01,2311.582,1.06,5390410,0.67,2223.91634301887,0.000412569051893802
"FC_OTH_HH_E","TOTAL","KTOE","AT",2009-01-01,6492.475,0.97,8335003,0.69,6631.02575515464,0.000795563691477332
"FC_OTH_HH_E","TOTAL","KTOE","BE",2009-01-01,8537.269,1.03,10753080,0.74,8353.26184291262,0.000776825043886275
"FC_OTH_HH_E","TOTAL","KTOE","BG",2009-01-01,2114.011,0.95,7467119,0.53,2172.98078052632,0.000291006582394939
"FC_OTH_HH_E","TOTAL","KTOE","CY",2009-01-01,358.796,0.93,796930,0.35,368.248152688172,0.000462083436046042
"FC_OTH_HH_E","TOTAL","KTOE","CZ",2009-01-01,6656.571,0.99,10425783,0.68,6702.29290181818,0.000642857510253012
"FC_OTH_HH_E","TOTAL","KTOE","DE",2009-01-01,59464.701,1.01,82002356,0.66,59076.1197855446,0.000720419786299122
"FC_OTH_HH_E","TOTAL","KTOE","DK",2009-01-01,4510.054,1.01,5511451,0.63,4481.92198,0.000813201819266832
"FC_OTH_HH_E","TOTAL","KTOE","EE",2009-01-01,970.068,1.03,1335740,0.73,949.442282330097,0.000710798720057868
"FC_OTH_HH_E","TOTAL","KTOE","EL",2009-01-01,4887.508,0.92,11094745,0.54,5117.00837565217,0.000461210093215497
"FC_OTH_HH_E","TOTAL","KTOE","ES",2009-01-01,15967.794,0.95,46239273,0.43,16329.1703905263,0.000353145050323917
"FC_OTH_HH_E","TOTAL","KTOE","EU27_2020",2009-01-01,262211.737,1,440047892,0.64,262211.737,0.000595870908069252
"FC_OTH_HH_E","TOTAL","KTOE","FI",2009-01-01,5246.647,1.02,5326314,0.67,5177.72046098039,0.000972101994170902
"FC_OTH_HH_E","TOTAL","KTOE","FR",2009-01-01,43976.87,1.01,64350226,0.65,43693.850539604,0.000679000731708447
"FC_OTH_HH_E","TOTAL","KTOE","HR",2009-01-01,2644.875,0.96,4309796,0.67,2718.71109375,0.000630821294963845
"FC_OTH_HH_E","TOTAL","KTOE","HU",2009-01-01,6311.473,0.94,10030975,0.72,6601.53218468085,0.000658114708159561
"FC_OTH_HH_E","TOTAL","KTOE","IE",2009-01-01,3412.848,1.05,4521322,0.62,3312.08772571429,0.000732548516941347
"FC_OTH_HH_E","TOTAL","KTOE","IT",2009-01-01,34040.636,1,59000586,0.66,34040.636,0.000576954201776911
"FC_OTH_HH_E","TOTAL","KTOE","LT",2009-01-01,1568.648,1.02,3183856,0.71,1546.80995921569,0.00048582912016614
"FC_OTH_HH_E","TOTAL","KTOE","LU",2009-01-01,518.408,1,493500,0.84,518.408,0.00105047213779129
"FC_OTH_HH_E","TOTAL","KTOE","LV",2009-01-01,1534.586,1.03,2162834,0.66,1505.08619145631,0.000695886134329454
"FC_OTH_HH_E","TOTAL","KTOE","MT",2009-01-01,64.393,1.05,410926,0.2,63.7797333333333,0.000155209778240689
"FC_OTH_HH_E","TOTAL","KTOE","NL",2009-01-01,11027.901,1.04,16485787,0.63,10760.6864757692,0.00065272507013279
"FC_OTH_HH_E","TOTAL","KTOE","PL",2009-01-01,19991.704,1.02,38135876,0.65,19736.907772549,0.000517541743961749
"FC_OTH_HH_E","TOTAL","KTOE","PT",2009-01-01,3197.832,0.92,10563014,0.27,3272.91153391304,0.000309846369029999
"FC_OTH_HH_E","TOTAL","KTOE","RO",2009-01-01,8015.179,0.93,20440290,0.63,8395.25361709677,0.000410720866342737
"FC_OTH_HH_E","TOTAL","KTOE","SE",2009-01-01,7232.548,1.03,9256347,0.55,7116.68679417476,0.000768843993659135
"FC_OTH_HH_E","TOTAL","KTOE","SI",2009-01-01,1320.449,0.97,2032362,0.63,1346.17733618557,0.000662370845442676
"FC_OTH_HH_E","TOTAL","KTOE","SK",2009-01-01,2147.493,0.96,5382401,0.67,2207.44384625,0.000410122517116432
"FC_OTH_HH_E","TOTAL","KTOE","AT",2008-01-01,6392.814,0.95,8307989,0.69,6624.97408736842,0.000797422106284496
"FC_OTH_HH_E","TOTAL","KTOE","BE",2008-01-01,8990.099,1.03,10666866,0.74,8796.3318176699,0.00082464069743352
"FC_OTH_HH_E","TOTAL","KTOE","BG",2008-01-01,2113.463,0.95,7518002,0.53,2172.41749421053,0.000288962079846551
"FC_OTH_HH_E","TOTAL","KTOE","CY",2008-01-01,333.109,0.95,776333,0.35,339.245218421053,0.00043698415296149
"FC_OTH_HH_E","TOTAL","KTOE","CZ",2008-01-01,6512.139,0.95,10343422,0.68,6745.20502736842,0.000652125092389001
"FC_OTH_HH_E","TOTAL","KTOE","DE",2008-01-01,62663.086,0.97,82217837,0.66,63942.188167835,0.000777716740077157
"FC_OTH_HH_E","TOTAL","KTOE","DK",2008-01-01,4501.163,0.93,5475791,0.63,4714.60524548387,0.000860990721794143
"FC_OTH_HH_E","TOTAL","KTOE","EE",2008-01-01,951.951,0.91,1338440,0.73,1020.67977,0.000762589111204088
"FC_OTH_HH_E","TOTAL","KTOE","EL",2008-01-01,5270.447,0.91,11060937,0.54,5551.92362,0.000501939719935119
"FC_OTH_HH_E","TOTAL","KTOE","ES",2008-01-01,15542.525,1.03,45668939,0.43,15347.8661917476,0.000336067938686896
"FC_OTH_HH_E","TOTAL","KTOE","EU27_2020",2008-01-01,264057.143,0.97,438725386,0.64,269283.841088247,0.00061378677797379
"FC_OTH_HH_E","TOTAL","KTOE","FI",2008-01-01,4991.512,0.96,5300484,0.67,5130.85837666667,0.000967998087847575
"FC_OTH_HH_E","TOTAL","KTOE","FR",2008-01-01,44171.591,1.03,64007193,0.65,43335.3327237864,0.00067703848103113
"FC_OTH_HH_E","TOTAL","KTOE","HR",2008-01-01,2590.941,0.93,4311967,0.67,2721.60243322581,0.000631174225875524
"FC_OTH_HH_E","TOTAL","KTOE","HU",2008-01-01,6017.799,0.91,10045401,0.72,6446.31919252747,0.000641718453302907
"FC_OTH_HH_E","TOTAL","KTOE","IE",2008-01-01,3508.781,1.05,4457765,0.62,3405.18841809524,0.000763877956351499
"FC_OTH_HH_E","TOTAL","KTOE","IT",2008-01-01,33611.748,0.97,58652875,0.66,34297.8434746392,0.000584759800344641
"FC_OTH_HH_E","TOTAL","KTOE","LT",2008-01-01,1551.803,0.91,3212605,0.71,1660.7702656044,0.000516954392340296
"FC_OTH_HH_E","TOTAL","KTOE","LU",2008-01-01,512.071,1.01,483799,0.84,507.812191683168,0.0010496346451381
"FC_OTH_HH_E","TOTAL","KTOE","LV",2008-01-01,1451.54,0.91,2191810,0.66,1546.28887472527,0.000705484907325578
"FC_OTH_HH_E","TOTAL","KTOE","MT",2008-01-01,70.789,0.65,407832,0.2,78.4124307692308,0.000192266498875102
"FC_OTH_HH_E","TOTAL","KTOE","NL",2008-01-01,11019.502,1.03,16405399,0.63,10817.2994875728,0.000659374361304642
"FC_OTH_HH_E","TOTAL","KTOE","PL",2008-01-01,19668.123,0.93,38115641,0.65,20630.3806306452,0.000541257606835083
"FC_OTH_HH_E","TOTAL","KTOE","PT",2008-01-01,3117.719,1.02,10553339,0.27,3101.21342882353,0.000293860874631577
"FC_OTH_HH_E","TOTAL","KTOE","RO",2008-01-01,8070.214,0.93,20635460,0.63,8452.89834129032,0.000409629750986424
"FC_OTH_HH_E","TOTAL","KTOE","SE",2008-01-01,6947.482,0.98,9182927,0.55,7025.46394081633,0.00076505714798956
"FC_OTH_HH_E","TOTAL","KTOE","SI",2008-01-01,1354.045,0.96,2010269,0.63,1389.58868125,0.000691245142441136
"FC_OTH_HH_E","TOTAL","KTOE","SK",2008-01-01,2130.687,0.91,5376064,0.67,2271.87428142857,0.00042259063162726
"FC_OTH_HH_E","TOTAL","KTOE","AT",2007-01-01,6267.338,0.92,8282984,0.69,6643.37828,0.000802051323532679
"FC_OTH_HH_E","TOTAL","KTOE","BE",2007-01-01,8319.452,0.92,10584534,0.74,8854.79065043478,0.000836578223513173
"FC_OTH_HH_E","TOTAL","KTOE","BG",2007-01-01,2061.67,0.91,7572673,0.53,2169.73775714286,0.000286522045404952
"FC_OTH_HH_E","TOTAL","KTOE","CY",2007-01-01,339.644,1.03,757916,0.35,336.181609708738,0.000443560512917972
"FC_OTH_HH_E","TOTAL","KTOE","CZ",2007-01-01,6414.496,0.93,10254233,0.68,6742.80783827957,0.000657563353424832
"FC_OTH_HH_E","TOTAL","KTOE","DE",2007-01-01,55653.719,0.91,82314906,0.66,59286.5002182418,0.000720240149678866
"FC_OTH_HH_E","TOTAL","KTOE","DK",2007-01-01,4515.458,0.91,5447084,0.63,4796.80576769231,0.000880619018853447
"FC_OTH_HH_E","TOTAL","KTOE","EE",2007-01-01,961.519,0.94,1342920,0.73,1006.32169382979,0.000749353419287662
"FC_OTH_HH_E","TOTAL","KTOE","EL",2007-01-01,5421.205,0.93,11036008,0.54,5641.5507516129,0.000511194876953052
"FC_OTH_HH_E","TOTAL","KTOE","ES",2007-01-01,15672.872,1.03,44784666,0.43,15476.5806904854,0.000345577673627965
"FC_OTH_HH_E","TOTAL","KTOE","EU27_2020",2007-01-01,249421.25,0.95,437227496,0.64,257822.807894737,0.000589676564839684
"FC_OTH_HH_E","TOTAL","KTOE","FI",2007-01-01,5124.068,0.95,5276955,0.67,5304.75881894737,0.00100526891340695
"FC_OTH_HH_E","TOTAL","KTOE","FR",2007-01-01,40421.133,0.95,63645065,0.65,41803.9612342105,0.000656829578761692
"FC_OTH_HH_E","TOTAL","KTOE","HR",2007-01-01,2530.131,0.91,4313530,0.67,2697.7869332967,0.000625424404906585
"FC_OTH_HH_E","TOTAL","KTOE","HU",2007-01-01,6117.605,0.9,10066158,0.72,6607.0134,0.00065635900012696
"FC_OTH_HH_E","TOTAL","KTOE","IE",2007-01-01,3213.685,0.95,4340118,0.62,3318.55261578947,0.000764622670579342
"FC_OTH_HH_E","TOTAL","KTOE","IT",2007-01-01,32339.575,0.94,58223744,0.66,33701.965606383,0.000578835425052415
"FC_OTH_HH_E","TOTAL","KTOE","LT",2007-01-01,1503.571,0.95,3249983,0.71,1559.75707421053,0.00047992776399462
"FC_OTH_HH_E","TOTAL","KTOE","LU",2007-01-01,502.277,0.91,476187,0.84,544.004627692308,0.00114241805780567
"FC_OTH_HH_E","TOTAL","KTOE","LV",2007-01-01,1457.706,0.95,2208840,0.66,1508.34210315789,0.000682866166475568
"FC_OTH_HH_E","TOTAL","KTOE","MT",2007-01-01,70.808,0.68,405616,0.2,77.4722823529412,0.000190999078815779
"FC_OTH_HH_E","TOTAL","KTOE","NL",2007-01-01,9972.12,0.91,16357992,0.63,10593.4597846154,0.000647601477284949
"FC_OTH_HH_E","TOTAL","KTOE","PL",2007-01-01,19366.034,0.93,38125479,0.65,20313.5120075269,0.000532806735556736
"FC_OTH_HH_E","TOTAL","KTOE","PT",2007-01-01,3220.727,1.03,10532588,0.27,3195.39895271845,0.000303382127233919
"FC_OTH_HH_E","TOTAL","KTOE","RO",2007-01-01,7519.256,0.9,21130503,0.63,8045.60392,0.000380757804014415
"FC_OTH_HH_E","TOTAL","KTOE","SE",2007-01-01,7052.974,0.97,9113257,0.55,7172.94726907216,0.000787089321531497
"FC_OTH_HH_E","TOTAL","KTOE","SI",2007-01-01,1301.505,0.91,2010377,0.63,1382.59877307692,0.000687731093758496
"FC_OTH_HH_E","TOTAL","KTOE","SK",2007-01-01,2080.702,0.91,5373180,0.67,2218.57708857143,0.000412898337403815
"FC_OTH_HH_E","TOTAL","KTOE","AT",2006-01-01,6514.208,0.98,8254298,0.69,6605.93868408163,0.000800302906931835
"FC_OTH_HH_E","TOTAL","KTOE","BE",2006-01-01,8987.051,0.95,10511382,0.74,9337.07298631579,0.000888282148466851
"FC_OTH_HH_E","TOTAL","KTOE","BG",2006-01-01,2158.268,0.99,7629371,0.53,2169.8223640404,0.000284403834082836
"FC_OTH_HH_E","TOTAL","KTOE","CY",2006-01-01,328.301,1.1,744013,0.35,317.855059090909,0.000427217076974339
"FC_OTH_HH_E","TOTAL","KTOE","CZ",2006-01-01,6786.785,0.98,10223577,0.68,6880.96895510204,0.000673049066398389
"FC_OTH_HH_E","TOTAL","KTOE","DE",2006-01-01,64673.494,0.95,82437995,0.66,66920.0469494737,0.000811762185015219
"FC_OTH_HH_E","TOTAL","KTOE","DK",2006-01-01,4514.728,0.91,5427459,0.63,4796.03028307692,0.000883660343279778
"FC_OTH_HH_E","TOTAL","KTOE","EE",2006-01-01,881.169,0.96,1350700,0.73,907.97122375,0.000672222716924558
"FC_OTH_HH_E","TOTAL","KTOE","EL",2006-01-01,5573.229,1.05,11004716,0.54,5429.91739714286,0.00049341731282687
"FC_OTH_HH_E","TOTAL","KTOE","ES",2006-01-01,15629.02,0.94,44009971,0.43,16057.9867191489,0.000364871558746288
"FC_OTH_HH_E","TOTAL","KTOE","EU27_2020",2006-01-01,265601.376,0.96,435816236,0.64,272684.07936,0.000625685912628551
"FC_OTH_HH_E","TOTAL","KTOE","FI",2006-01-01,5122.043,0.96,5255580,0.67,5265.03336708333,0.00100179872955665
"FC_OTH_HH_E","TOTAL","KTOE","FR",2006-01-01,42393.288,0.96,63229635,0.65,43541.43955,0.00068862392689757
"FC_OTH_HH_E","TOTAL","KTOE","HR",2006-01-01,2659.281,0.97,4312487,0.67,2714.38568876289,0.000629424665804879
"FC_OTH_HH_E","TOTAL","KTOE","HU",2006-01-01,6713.445,0.97,10076581,0.72,6862.94027010309,0.000681078261575339
"FC_OTH_HH_E","TOTAL","KTOE","IE",2006-01-01,3260.392,0.96,4208156,0.62,3344.61879333333,0.000794794392920161
"FC_OTH_HH_E","TOTAL","KTOE","IT",2006-01-01,32423.683,0.99,58064214,0.66,32639.8408866667,0.00056213351801622
"FC_OTH_HH_E","TOTAL","KTOE","LT",2006-01-01,1568.999,0.97,3289835,0.71,1603.45227701031,0.000487395956639257
"FC_OTH_HH_E","TOTAL","KTOE","LU",2006-01-01,516.411,0.95,469086,0.84,539.241802105263,0.00114955850761963
"FC_OTH_HH_E","TOTAL","KTOE","LV",2006-01-01,1480.648,0.96,2227874,0.66,1521.36582,0.000682877855749472
"FC_OTH_HH_E","TOTAL","KTOE","MT",2006-01-01,73.039,0.94,404999,0.2,73.9714127659575,0.000182645914597215
"FC_OTH_HH_E","TOTAL","KTOE","NL",2006-01-01,10844.837,0.93,16334210,0.63,11359.092173871,0.000695417297431034
"FC_OTH_HH_E","TOTAL","KTOE","PL",2006-01-01,20469.408,0.98,38157055,0.65,20740.9409632653,0.000543567656446896
"FC_OTH_HH_E","TOTAL","KTOE","PT",2006-01-01,3213.935,0.98,10511988,0.27,3231.6444377551,0.000307424669601516
"FC_OTH_HH_E","TOTAL","KTOE","RO",2006-01-01,7854.717,1,21257016,0.63,7854.717,0.000369511741441038
"FC_OTH_HH_E","TOTAL","KTOE","SE",2006-01-01,7316.724,0.94,9047752,0.55,7573.58771489362,0.000837068446935064
"FC_OTH_HH_E","TOTAL","KTOE","SI",2006-01-01,1334.128,1,2003358,0.63,1334.128,0.000665945876872731
"FC_OTH_HH_E","TOTAL","KTOE","SK",2006-01-01,2310.145,0.99,5372928,0.67,2325.77931464646,0.000432869994655887
"FC_OTH_HH_E","TOTAL","KTOE","AT",2005-01-01,6580.888,1.04,8201359,0.69,6406.24135692308,0.000781119489699582
"FC_OTH_HH_E","TOTAL","KTOE","BE",2005-01-01,9977.4,0.97,10445852,0.74,10205.748742268,0.000977014487881701
"FC_OTH_HH_E","TOTAL","KTOE","BG",2005-01-01,2089.666,1,7688573,0.53,2089.666,0.000271788536052139
"FC_OTH_HH_E","TOTAL","KTOE","CY",2005-01-01,317.142,0.97,733067,0.35,320.574980412371,0.000437306522340211
"FC_OTH_HH_E","TOTAL","KTOE","CZ",2005-01-01,6665.539,1.02,10198855,0.68,6576.66514666667,0.000644843479652046
"FC_OTH_HH_E","TOTAL","KTOE","DE",2005-01-01,63683.413,0.99,82500849,0.66,64107.9690866667,0.00077705829532332
"FC_OTH_HH_E","TOTAL","KTOE","DK",2005-01-01,4514.564,0.96,5411405,0.63,4633.071305,0.000856167909258317
"FC_OTH_HH_E","TOTAL","KTOE","EE",2005-01-01,889.167,1,1358850,0.73,889.167,0.000654352577547191
"FC_OTH_HH_E","TOTAL","KTOE","EL",2005-01-01,5573.93,1.01,10969912,0.54,5544.12879009901,0.000505394098886027
"FC_OTH_HH_E","TOTAL","KTOE","ES",2005-01-01,15186.489,1.12,43296338,0.43,14486.8257567857,0.0003345970219649
"FC_OTH_HH_E","TOTAL","KTOE","EU27_2020",2005-01-01,267096.457,1,434416272,0.64,267096.457,0.000614839899459383
"FC_OTH_HH_E","TOTAL","KTOE","FI",2005-01-01,5020.097,0.93,5236611,0.67,5273.26103150538,0.00100699880734035
"FC_OTH_HH_E","TOTAL","KTOE","FR",2005-01-01,43009,1.04,62772870,0.65,41933.775,0.000668023861263632
"FC_OTH_HH_E","TOTAL","KTOE","HR",2005-01-01,2820.426,1.09,4310861,0.67,2664.39692862385,0.000618066072792385
"FC_OTH_HH_E","TOTAL","KTOE","HU",2005-01-01,6969.275,1.05,10097549,0.72,6730.32842857143,0.000666530900575123
"FC_OTH_HH_E","TOTAL","KTOE","IE",2005-01-01,3242.776,0.96,4111672,0.62,3326.54771333333,0.000809049873952332
"FC_OTH_HH_E","TOTAL","KTOE","IT",2005-01-01,33921.569,1.1,57874753,0.66,31886.27486,0.000550953104888413
"FC_OTH_HH_E","TOTAL","KTOE","LT",2005-01-01,1506.591,1,3355220,0.71,1506.591,0.000449028975745257
"FC_OTH_HH_E","TOTAL","KTOE","LU",2005-01-01,525.5,0.99,461230,0.84,529.958787878788,0.00114901196339958
"FC_OTH_HH_E","TOTAL","KTOE","LV",2005-01-01,1503.944,1,2249724,0.66,1503.944,0.000668501558413388
"FC_OTH_HH_E","TOTAL","KTOE","MT",2005-01-01,72.088,1.38,402668,0.2,68.1179362318841,0.000169166500024546
"FC_OTH_HH_E","TOTAL","KTOE","NL",2005-01-01,10737.765,0.96,16305526,0.63,11019.63133125,0.000675821885859432
"FC_OTH_HH_E","TOTAL","KTOE","PL",2005-01-01,19469.163,1,38173835,0.65,19469.163,0.00051001328527773
"FC_OTH_HH_E","TOTAL","KTOE","PT",2005-01-01,3218.989,1.15,10494672,0.27,3105.62460478261,0.000295923932142196
"FC_OTH_HH_E","TOTAL","KTOE","RO",2005-01-01,7991.34,1.03,21382354,0.63,7844.70279029126,0.000366877416316803
"FC_OTH_HH_E","TOTAL","KTOE","SE",2005-01-01,7640.433,0.96,9011392,0.55,7815.52625625,0.00086729400477196
"FC_OTH_HH_E","TOTAL","KTOE","SI",2005-01-01,1428.841,1.07,1997590,0.63,1369.95138495327,0.000685802083987841
"FC_OTH_HH_E","TOTAL","KTOE","SK",2005-01-01,2540.462,1.04,5372685,0.67,2474.99624846154,0.000460662824725726
